date,merchant,amount
2026-07-02,Swiggy,420
2026-07-03,Uber,230
2026-07-05,Amazon,1299
2026-07-06,Netflix,649
2026-07-08,BigBasket,1850
2026-07-10,Airtel Postpaid,599
2026-07-12,Zomato,380
2026-07-14,Ola Cabs,180
2026-07-16,Myntra,2100
2026-07-18,Apollo Pharmacy,450
2026-07-20,PVR Cinemas,600
2026-07-22,HP Petrol Pump,2000
2026-07-24,Dmart,2400
2026-07-26,Spotify,119
2026-07-28,MakeMyTrip,5200
2026-08-01,Swiggy,510
2026-08-02,Uber,340
2026-08-04,Amazon,899
2026-08-06,Netflix,649
2026-08-08,BigBasket,2100
2026-08-10,Jio Recharge,449
2026-08-12,Dominos Pizza,650
2026-08-14,Rapido,150
2026-08-16,Flipkart,3200
2026-08-18,Practo Consultation,700
2026-08-20,BookMyShow,850
2026-08-22,Indian Oil,2200
2026-08-24,Dmart,2650
2026-08-26,Gaana,99
2026-08-28,Cult Fit,1500
2026-08-30,Amazon,9800
2026-09-01,Swiggy,470
2026-09-03,Uber,290
2026-09-05,Amazon,1299
2026-09-06,Netflix,649
2026-09-08,BigBasket,1950
2026-09-10,Vodafone Idea,499
2026-09-12,KFC,540
2026-09-14,Ola Cabs,210
2026-09-16,Ajio,1800
2026-09-18,Medplus,320
2026-09-20,INOX,720
2026-09-22,Shell Petrol,2100
2026-09-24,Dmart,2300
2026-09-26,Spotify,119
2026-09-28,ATM Withdrawal,5000
